BOGOTA;MANIZALES;VILLETA;SABANA DE OCCIDENTE;Siberia;Categoria I;13800;6 h 58 min;292;SI
BOGOTA;MANIZALES;VILLETA;SABANA DE OCCIDENTE;Siberia;Categoria II;19600;6 h 58 min;292;SI
BOGOTA;MANIZALES;VILLETA;SABANA DE OCCIDENTE;Siberia;Categoria III;16500;6 h 58 min;292;SI
BOGOTA;MANIZALES;VILLETA;SABANA DE OCCIDENTE;Siberia;Categoria IV;21900;6 h 58 min;292;SI
BOGOTA;MANIZALES;VILLETA;SABANA DE OCCIDENTE;Siberia;Categoria V;38300;6 h 58 min;292;SI
BOGOTA;MANIZALES;VILLETA;SABANA DE OCCIDENTE;Siberia;Categoria VI;51200;6 h 58 min;292;SI
BOGOTA;MANIZALES;VILLETA;SABANA DE OCCIDENTE;Siberia;Categoria VII;56300;6 h 58 min;292;SI
BOGOTA;MANIZALES;VILLETA;SABANA DE OCCIDENTE;Caiquero;Categoria I;12800;6 h 58 min;292;SI
BOGOTA;MANIZALES;VILLETA;SABANA DE OCCIDENTE;Caiquero;Categoria II;16600;6 h 58 min;292;SI
BOGOTA;MANIZALES;VILLETA;SABANA DE OCCIDENTE;Caiquero;Categoria III;40800;6 h 58 min;292;SI
BOGOTA;MANIZALES;VILLETA;SABANA DE OCCIDENTE;Caiquero;Categoria IV;49200;6 h 58 min;292;SI
BOGOTA;MANIZALES;VILLETA;SABANA DE OCCIDENTE;Caiquero;Categoria V;56500;6 h 58 min;292;SI
BOGOTA;MANIZALES;VILLETA;PEAJES NACIONALES;Bicentenario;Categoria I;11400;6 h 58 min;292;SI
BOGOTA;MANIZALES;VILLETA;PEAJES NACIONALES;Bicentenario;Categoria II;14800;6 h 58 min;292;SI
BOGOTA;MANIZALES;VILLETA;PEAJES NACIONALES;Bicentenario;Categoria III;34500;6 h 58 min;292;SI
BOGOTA;MANIZALES;VILLETA;PEAJES NACIONALES;Bicentenario;Categoria IV;41800;6 h 58 min;292;SI
BOGOTA;MANIZALES;VILLETA;PEAJES NACIONALES;Bicentenario;Categoria V;48500;6 h 58 min;292;SI
BOGOTA;MANIZALES;VILLETA;ALTERNATIVAS VIALES;Honda;Categoria I;13700;6 h 58 min;292;SI
BOGOTA;MANIZALES;VILLETA;ALTERNATIVAS VIALES;Honda;Categoria II;14600;6 h 58 min;292;SI
BOGOTA;MANIZALES;VILLETA;ALTERNATIVAS VIALES;Honda;Categoria III;15200;6 h 58 min;292;SI
BOGOTA;MANIZALES;VILLETA;ALTERNATIVAS VIALES;Honda;Categoria IV;15900;6 h 58 min;292;SI
BOGOTA;MANIZALES;VILLETA;ALTERNATIVAS VIALES;Honda;Categoria V;33500;6 h 58 min;292;SI
BOGOTA;MANIZALES;VILLETA;ALTERNATIVAS VIALES;Honda;Categoria VI;45900;6 h 58 min;292;SI
BOGOTA;MANIZALES;VILLETA;ALTERNATIVAS VIALES;Honda;Categoria VII;49700;6 h 58 min;292;SI
BOGOTA;MANIZALES;MELGAR;Via 40;Chusac�;Categoria I;13300;8 h 19 min;369;SI
BOGOTA;MANIZALES;MELGAR;Via 40;Chusac�;Categoria II;14900;8 h 19 min;369;SI
BOGOTA;MANIZALES;MELGAR;Via 40;Chusac�;Categoria III;31500;8 h 19 min;369;SI
BOGOTA;MANIZALES;MELGAR;Via 40;Chusac�;Categoria IV;51100;8 h 19 min;369;SI
BOGOTA;MANIZALES;MELGAR;Via 40;Chusac�;Categoria V;58600;8 h 19 min;369;SI
BOGOTA;MANIZALES;MELGAR;Via 40;Chinauta;Categoria I;13300;8 h 19 min;369;SI
BOGOTA;MANIZALES;MELGAR;Via 40;Chinauta;Categoria II;14900;8 h 19 min;369;SI
BOGOTA;MANIZALES;MELGAR;Via 40;Chinauta;Categoria III;31500;8 h 19 min;369;SI
BOGOTA;MANIZALES;MELGAR;Via 40;Chinauta;Categoria IV;51100;8 h 19 min;369;SI
BOGOTA;MANIZALES;MELGAR;Via 40;Chinauta;Categoria V;58600;8 h 19 min;369;SI
BOGOTA;MANIZALES;MELGAR;APPGICA;Chicoral;Categoria I;13800;8 h 19 min;369;SI
BOGOTA;MANIZALES;MELGAR;APPGICA;Chicoral;Categoria II;15100;8 h 19 min;369;SI
BOGOTA;MANIZALES;MELGAR;APPGICA;Chicoral;Categoria III;13800;8 h 19 min;369;SI
BOGOTA;MANIZALES;MELGAR;APPGICA;Chicoral;Categoria IV;17900;8 h 19 min;369;SI
BOGOTA;MANIZALES;MELGAR;APPGICA;Chicoral;Categoria V;36100;8 h 19 min;369;SI
BOGOTA;MANIZALES;MELGAR;APPGICA;Chicoral;Categoria VI;48000;8 h 19 min;369;SI
BOGOTA;MANIZALES;MELGAR;APPGICA;Chicoral;Categoria VII;53000;8 h 19 min;369;SI
BOGOTA;MANIZALES;MELGAR;APPGICA;Gualanday;Categoria I;12700;8 h 19 min;369;SI
BOGOTA;MANIZALES;MELGAR;APPGICA;Gualanday;Categoria II;14900;8 h 19 min;369;SI
BOGOTA;MANIZALES;MELGAR;APPGICA;Gualanday;Categoria III;35000;8 h 19 min;369;SI
BOGOTA;MANIZALES;MELGAR;APPGICA;Gualanday;Categoria IV;47000;8 h 19 min;369;SI
BOGOTA;MANIZALES;MELGAR;APPGICA;Gualanday;Categoria V;51700;8 h 19 min;369;SI
BOGOTA;MANIZALES;MELGAR;PEAJES NACIONALES;Tunel de la linea - Portal Bermell�n;Categoria I;10800;8 h 19 min;369;SI
BOGOTA;MANIZALES;MELGAR;PEAJES NACIONALES;Tunel de la linea - Portal Bermell�n;Categoria II;12100;8 h 19 min;369;SI
BOGOTA;MANIZALES;MELGAR;PEAJES NACIONALES;Tunel de la linea - Portal Bermell�n;Categoria III;24700;8 h 19 min;369;SI
BOGOTA;MANIZALES;MELGAR;PEAJES NACIONALES;Tunel de la linea - Portal Bermell�n;Categoria IV;31400;8 h 19 min;369;SI
BOGOTA;MANIZALES;MELGAR;PEAJES NACIONALES;Tunel de la linea - Portal Bermell�n;Categoria V;35500;8 h 19 min;369;SI
BOGOTA;MANIZALES;MELGAR;AUTOPISTA DEL CAFE;Circasia;Categoria I;19200;8 h 19 min;369;SI
BOGOTA;MANIZALES;MELGAR;AUTOPISTA DEL CAFE;Circasia;Categoria II;24400;8 h 19 min;369;SI
BOGOTA;MANIZALES;MELGAR;AUTOPISTA DEL CAFE;Circasia;Categoria III;24400;8 h 19 min;369;SI
BOGOTA;MANIZALES;MELGAR;AUTOPISTA DEL CAFE;Circasia;Categoria IV;24400;8 h 19 min;369;SI
BOGOTA;MANIZALES;MELGAR;AUTOPISTA DEL CAFE;Circasia;Categoria V;59200;8 h 19 min;369;SI
BOGOTA;MANIZALES;MELGAR;AUTOPISTA DEL CAFE;Circasia;Categoria VI;72700;8 h 19 min;369;SI
BOGOTA;MANIZALES;MELGAR;AUTOPISTA DEL CAFE;Circasia;Categoria VII;80900;8 h 19 min;369;SI
BOGOTA;MANIZALES;MELGAR;AUTOPISTA DEL CAFE;Tarapaca II;Categoria I;16100;8 h 19 min;369;SI
BOGOTA;MANIZALES;MELGAR;AUTOPISTA DEL CAFE;Tarapaca II;Categoria II;21300;8 h 19 min;369;SI
BOGOTA;MANIZALES;MELGAR;AUTOPISTA DEL CAFE;Tarapaca II;Categoria III;21300;8 h 19 min;369;SI
BOGOTA;MANIZALES;MELGAR;AUTOPISTA DEL CAFE;Tarapaca II;Categoria IV;21300;8 h 19 min;369;SI
BOGOTA;MANIZALES;MELGAR;AUTOPISTA DEL CAFE;Tarapaca II;Categoria V;52500;8 h 19 min;369;SI
BOGOTA;MANIZALES;MELGAR;AUTOPISTA DEL CAFE;Tarapaca II;Categoria VI;69600;8 h 19 min;369;SI
BOGOTA;MANIZALES;MELGAR;AUTOPISTA DEL CAFE;Tarapaca II;Categoria VII;77700;8 h 19 min;369;SI
BOGOTA;MANIZALES;MELGAR;AUTOPISTA DEL CAFE;Pavas;Categoria I;14600;8 h 19 min;369;SI
BOGOTA;MANIZALES;MELGAR;AUTOPISTA DEL CAFE;Pavas;Categoria II;17500;8 h 19 min;369;SI
BOGOTA;MANIZALES;MELGAR;AUTOPISTA DEL CAFE;Pavas;Categoria III;17500;8 h 19 min;369;SI
BOGOTA;MANIZALES;MELGAR;AUTOPISTA DEL CAFE;Pavas;Categoria IV;17500;8 h 19 min;369;SI
BOGOTA;MANIZALES;MELGAR;AUTOPISTA DEL CAFE;Pavas;Categoria V;42600;8 h 19 min;369;SI
BOGOTA;MANIZALES;MELGAR;AUTOPISTA DEL CAFE;Pavas;Categoria VI;53200;8 h 19 min;369;SI
BOGOTA;MANIZALES;MELGAR;AUTOPISTA DEL CAFE;Pavas;Categoria VII;61600;8 h 19 min;369;SI
BOGOTA;MANIZALES;FACATATIVA;SABANA DE OCCIDENTE;Siberia;Categoria I;13800;7 h 10 min;305;SI
BOGOTA;MANIZALES;FACATATIVA;SABANA DE OCCIDENTE;Siberia;Categoria II;19600;7 h 10 min;305;SI
BOGOTA;MANIZALES;FACATATIVA;SABANA DE OCCIDENTE;Siberia;Categoria III;16500;7 h 10 min;305;SI
BOGOTA;MANIZALES;FACATATIVA;SABANA DE OCCIDENTE;Siberia;Categoria IV;21900;7 h 10 min;305;SI
BOGOTA;MANIZALES;FACATATIVA;SABANA DE OCCIDENTE;Siberia;Categoria V;38300;7 h 10 min;305;SI
BOGOTA;MANIZALES;FACATATIVA;SABANA DE OCCIDENTE;Siberia;Categoria VI;51200;7 h 10 min;305;SI
BOGOTA;MANIZALES;FACATATIVA;SABANA DE OCCIDENTE;Siberia;Categoria VII;56300;7 h 10 min;305;SI
BOGOTA;MANIZALES;FACATATIVA;PANAMERICANA;Guayabal;Categoria I;18200;7 h 10 min;305;SI
BOGOTA;MANIZALES;FACATATIVA;PANAMERICANA;Guayabal;Categoria II;24900;7 h 10 min;305;SI
BOGOTA;MANIZALES;FACATATIVA;PANAMERICANA;Guayabal;Categoria III;20800;7 h 10 min;305;SI
BOGOTA;MANIZALES;FACATATIVA;PANAMERICANA;Guayabal;Categoria IV;29000;7 h 10 min;305;SI
BOGOTA;MANIZALES;FACATATIVA;PANAMERICANA;Guayabal;Categoria V;52100;7 h 10 min;305;SI
BOGOTA;MANIZALES;FACATATIVA;PANAMERICANA;Guayabal;Categoria VI;67500;7 h 10 min;305;SI
BOGOTA;MANIZALES;FACATATIVA;PANAMERICANA;Guayabal;Categoria VII;81100;7 h 10 min;305;SI
BOGOTA;PEREIRA;MELGAR;Via 40;Chusac�;Categoria I;13300;7 h 4 min;316;SI
BOGOTA;PEREIRA;MELGAR;Via 40;Chusac�;Categoria II;14900;7 h 4 min;316;SI
BOGOTA;PEREIRA;MELGAR;Via 40;Chusac�;Categoria III;31500;7 h 4 min;316;SI
BOGOTA;PEREIRA;MELGAR;Via 40;Chusac�;Categoria IV;51100;7 h 4 min;316;SI
BOGOTA;PEREIRA;MELGAR;Via 40;Chusac�;Categoria V;58600;7 h 4 min;316;SI
BOGOTA;PEREIRA;MELGAR;Via 40;Chinauta;Categoria I;13300;7 h 4 min;316;SI
BOGOTA;PEREIRA;MELGAR;Via 40;Chinauta;Categoria II;14900;7 h 4 min;316;SI
BOGOTA;PEREIRA;MELGAR;Via 40;Chinauta;Categoria III;31500;7 h 4 min;316;SI
BOGOTA;PEREIRA;MELGAR;Via 40;Chinauta;Categoria IV;51100;7 h 4 min;316;SI
BOGOTA;PEREIRA;MELGAR;Via 40;Chinauta;Categoria V;58600;7 h 4 min;316;SI
BOGOTA;PEREIRA;MELGAR;APPGICA;Chicoral;Categoria I;13800;7 h 4 min;316;SI
BOGOTA;PEREIRA;MELGAR;APPGICA;Chicoral;Categoria II;15100;7 h 4 min;316;SI
BOGOTA;PEREIRA;MELGAR;APPGICA;Chicoral;Categoria III;13800;7 h 4 min;316;SI
BOGOTA;PEREIRA;MELGAR;APPGICA;Chicoral;Categoria IV;17900;7 h 4 min;316;SI
BOGOTA;PEREIRA;MELGAR;APPGICA;Chicoral;Categoria V;36100;7 h 4 min;316;SI
BOGOTA;PEREIRA;MELGAR;APPGICA;Chicoral;Categoria VI;48000;7 h 4 min;316;SI
BOGOTA;PEREIRA;MELGAR;APPGICA;Chicoral;Categoria VII;53000;7 h 4 min;316;SI
BOGOTA;PEREIRA;MELGAR;APPGICA;Gualanday;Categoria I;12700;7 h 4 min;316;SI
BOGOTA;PEREIRA;MELGAR;APPGICA;Gualanday;Categoria II;14900;7 h 4 min;316;SI
BOGOTA;PEREIRA;MELGAR;APPGICA;Gualanday;Categoria III;35000;7 h 4 min;316;SI
BOGOTA;PEREIRA;MELGAR;APPGICA;Gualanday;Categoria IV;47000;7 h 4 min;316;SI
BOGOTA;PEREIRA;MELGAR;APPGICA;Gualanday;Categoria V;51700;7 h 4 min;316;SI
BOGOTA;PEREIRA;MELGAR;PEAJES NACIONALES;Tunel de la linea - Portal Bermell�n;Categoria I;10800;7 h 4 min;316;SI
BOGOTA;PEREIRA;MELGAR;PEAJES NACIONALES;Tunel de la linea - Portal Bermell�n;Categoria II;12100;7 h 4 min;316;SI
BOGOTA;PEREIRA;MELGAR;PEAJES NACIONALES;Tunel de la linea - Portal Bermell�n;Categoria III;24700;7 h 4 min;316;SI
BOGOTA;PEREIRA;MELGAR;PEAJES NACIONALES;Tunel de la linea - Portal Bermell�n;Categoria IV;31400;7 h 4 min;316;SI
BOGOTA;PEREIRA;MELGAR;PEAJES NACIONALES;Tunel de la linea - Portal Bermell�n;Categoria V;35500;7 h 4 min;316;SI
BOGOTA;PEREIRA;MELGAR;AUTOPISTA DEL CAFE;Circasia;Categoria I;19200;7 h 4 min;316;SI
BOGOTA;PEREIRA;MELGAR;AUTOPISTA DEL CAFE;Circasia;Categoria II;24400;7 h 4 min;316;SI
BOGOTA;PEREIRA;MELGAR;AUTOPISTA DEL CAFE;Circasia;Categoria III;24400;7 h 4 min;316;SI
BOGOTA;PEREIRA;MELGAR;AUTOPISTA DEL CAFE;Circasia;Categoria IV;24400;7 h 4 min;316;SI
BOGOTA;PEREIRA;MELGAR;AUTOPISTA DEL CAFE;Circasia;Categoria V;59200;7 h 4 min;316;SI
BOGOTA;PEREIRA;MELGAR;AUTOPISTA DEL CAFE;Circasia;Categoria VI;72700;7 h 4 min;316;SI
BOGOTA;PEREIRA;MELGAR;AUTOPISTA DEL CAFE;Circasia;Categoria VII;80900;7 h 4 min;316;SI
BOGOTA;PEREIRA;GIRARDOT;CCFC;Rio Bogota;Categoria I;11200;6 h 58 min;324;SI
BOGOTA;PEREIRA;GIRARDOT;CCFC;Rio Bogota;Categoria II;16700;6 h 58 min;324;SI
BOGOTA;PEREIRA;GIRARDOT;CCFC;Rio Bogota;Categoria III;14600;6 h 58 min;324;SI
BOGOTA;PEREIRA;GIRARDOT;CCFC;Rio Bogota;Categoria IV;19300;6 h 58 min;324;SI
BOGOTA;PEREIRA;GIRARDOT;CCFC;Rio Bogota;Categoria V;32700;6 h 58 min;324;SI
BOGOTA;PEREIRA;GIRARDOT;CCFC;Rio Bogota;Categoria VI;44100;6 h 58 min;324;SI
BOGOTA;PEREIRA;GIRARDOT;CCFC;Rio Bogota;Categoria VII;47700;6 h 58 min;324;SI
BOGOTA;PEREIRA;GIRARDOT;DEVISAB;Mondo�edo;Categoria I;16700;6 h 58 min;324;Si
BOGOTA;PEREIRA;GIRARDOT;DEVISAB;Mondo�edo;Categoria II;20000;6 h 58 min;324;Si
BOGOTA;PEREIRA;GIRARDOT;DEVISAB;Mondo�edo;Categoria III;20000;6 h 58 min;324;Si
BOGOTA;PEREIRA;GIRARDOT;DEVISAB;Mondo�edo;Categoria IV;22900;6 h 58 min;324;Si
BOGOTA;PEREIRA;GIRARDOT;DEVISAB;Mondo�edo;Categoria V;66200;6 h 58 min;324;Si
BOGOTA;PEREIRA;GIRARDOT;DEVISAB;Mondo�edo;Categoria VI;91000;6 h 58 min;324;Si
BOGOTA;PEREIRA;GIRARDOT;DEVISAB;Mondo�edo;Categoria VII;104000;6 h 58 min;324;Si
BOGOTA;PEREIRA;GIRARDOT;DEVISAB;San pedro;Categoria I;15500;6 h 58 min;324;Si
BOGOTA;PEREIRA;GIRARDOT;DEVISAB;San pedro;Categoria II;17400;6 h 58 min;324;Si
BOGOTA;PEREIRA;GIRARDOT;DEVISAB;San pedro;Categoria III;20000;6 h 58 min;324;Si
BOGOTA;PEREIRA;GIRARDOT;DEVISAB;San pedro;Categoria IV;26900;6 h 58 min;324;Si
BOGOTA;PEREIRA;GIRARDOT;DEVISAB;San pedro;Categoria V;57700;6 h 58 min;324;Si
BOGOTA;PEREIRA;GIRARDOT;DEVISAB;San pedro;Categoria VI;75200;6 h 58 min;324;Si
BOGOTA;PEREIRA;GIRARDOT;DEVISAB;San pedro;Categoria VII;87000;6 h 58 min;324;Si
BOGOTA;PEREIRA;GIRARDOT;APPGICA;Chicoral;Categoria I;13800;6 h 58 min;324;SI
BOGOTA;PEREIRA;GIRARDOT;APPGICA;Chicoral;Categoria II;15100;6 h 58 min;324;SI
BOGOTA;PEREIRA;GIRARDOT;APPGICA;Chicoral;Categoria III;13800;6 h 58 min;324;SI
BOGOTA;PEREIRA;GIRARDOT;APPGICA;Chicoral;Categoria IV;17900;6 h 58 min;324;SI
BOGOTA;PEREIRA;GIRARDOT;APPGICA;Chicoral;Categoria V;36100;6 h 58 min;324;SI
BOGOTA;PEREIRA;GIRARDOT;APPGICA;Chicoral;Categoria VI;48000;6 h 58 min;324;SI
BOGOTA;PEREIRA;GIRARDOT;APPGICA;Chicoral;Categoria VII;53000;6 h 58 min;324;SI
BOGOTA;PEREIRA;GIRARDOT;APPGICA;Gualanday;Categoria I;12700;6 h 58 min;324;SI
BOGOTA;PEREIRA;GIRARDOT;APPGICA;Gualanday;Categoria II;14900;6 h 58 min;324;SI
BOGOTA;PEREIRA;GIRARDOT;APPGICA;Gualanday;Categoria III;35000;6 h 58 min;324;SI
BOGOTA;PEREIRA;GIRARDOT;APPGICA;Gualanday;Categoria IV;47000;6 h 58 min;324;SI
BOGOTA;PEREIRA;GIRARDOT;APPGICA;Gualanday;Categoria V;51700;6 h 58 min;324;SI
BOGOTA;PEREIRA;GIRARDOT;PEAJES NACIONALES;Tunel de la linea - Portal Bermell�n;Categoria I;10800;6 h 58 min;324;SI
BOGOTA;PEREIRA;GIRARDOT;PEAJES NACIONALES;Tunel de la linea - Portal Bermell�n;Categoria II;12100;6 h 58 min;324;SI
BOGOTA;PEREIRA;GIRARDOT;PEAJES NACIONALES;Tunel de la linea - Portal Bermell�n;Categoria III;24700;6 h 58 min;324;SI
BOGOTA;PEREIRA;GIRARDOT;PEAJES NACIONALES;Tunel de la linea - Portal Bermell�n;Categoria IV;31400;6 h 58 min;324;SI
BOGOTA;PEREIRA;GIRARDOT;PEAJES NACIONALES;Tunel de la linea - Portal Bermell�n;Categoria V;35500;6 h 58 min;324;SI
BOGOTA;PEREIRA;GIRARDOT;AUTOPISTA DEL CAFE;Circasia;Categoria I;19200;6 h 58 min;324;SI
BOGOTA;PEREIRA;GIRARDOT;AUTOPISTA DEL CAFE;Circasia;Categoria II;24400;6 h 58 min;324;SI
BOGOTA;PEREIRA;GIRARDOT;AUTOPISTA DEL CAFE;Circasia;Categoria III;24400;6 h 58 min;324;SI
BOGOTA;PEREIRA;GIRARDOT;AUTOPISTA DEL CAFE;Circasia;Categoria IV;24400;6 h 58 min;324;SI
BOGOTA;PEREIRA;GIRARDOT;AUTOPISTA DEL CAFE;Circasia;Categoria V;59200;6 h 58 min;324;SI
BOGOTA;PEREIRA;GIRARDOT;AUTOPISTA DEL CAFE;Circasia;Categoria VI;72700;6 h 58 min;324;SI
BOGOTA;PEREIRA;GIRARDOT;AUTOPISTA DEL CAFE;Circasia;Categoria VII;80900;6 h 58 min;324;SI
BOGOTA;PEREIRA;VILLETA;SABANA DE OCCIDENTE;Siberia;Categoria I;13800;8 h 56 min;410;SI
BOGOTA;PEREIRA;VILLETA;SABANA DE OCCIDENTE;Siberia;Categoria II;19600;8 h 56 min;410;SI
BOGOTA;PEREIRA;VILLETA;SABANA DE OCCIDENTE;Siberia;Categoria III;16500;8 h 56 min;410;SI
BOGOTA;PEREIRA;VILLETA;SABANA DE OCCIDENTE;Siberia;Categoria IV;21900;8 h 56 min;410;SI
BOGOTA;PEREIRA;VILLETA;SABANA DE OCCIDENTE;Siberia;Categoria V;38300;8 h 56 min;410;SI
BOGOTA;PEREIRA;VILLETA;SABANA DE OCCIDENTE;Siberia;Categoria VI;51200;8 h 56 min;410;SI
BOGOTA;PEREIRA;VILLETA;SABANA DE OCCIDENTE;Siberia;Categoria VII;56300;8 h 56 min;410;SI
BOGOTA;PEREIRA;VILLETA;SABANA DE OCCIDENTE;Caiquero;Categoria I;12800;8 h 56 min;410;SI
BOGOTA;PEREIRA;VILLETA;SABANA DE OCCIDENTE;Caiquero;Categoria II;16600;8 h 56 min;410;SI
BOGOTA;PEREIRA;VILLETA;SABANA DE OCCIDENTE;Caiquero;Categoria III;40800;8 h 56 min;410;SI
BOGOTA;PEREIRA;VILLETA;SABANA DE OCCIDENTE;Caiquero;Categoria IV;49200;8 h 56 min;410;SI
BOGOTA;PEREIRA;VILLETA;SABANA DE OCCIDENTE;Caiquero;Categoria V;56500;8 h 56 min;410;SI
BOGOTA;PEREIRA;VILLETA;PEAJES NACIONALES;Bicentenario;Categoria I;11400;8 h 56 min;410;SI
BOGOTA;PEREIRA;VILLETA;PEAJES NACIONALES;Bicentenario;Categoria II;14800;8 h 56 min;410;SI
BOGOTA;PEREIRA;VILLETA;PEAJES NACIONALES;Bicentenario;Categoria III;34500;8 h 56 min;410;SI
BOGOTA;PEREIRA;VILLETA;PEAJES NACIONALES;Bicentenario;Categoria IV;41800;8 h 56 min;410;SI
BOGOTA;PEREIRA;VILLETA;PEAJES NACIONALES;Bicentenario;Categoria V;48500;8 h 56 min;410;SI
BOGOTA;PEREIRA;VILLETA;ALTERNATIVAS VIALES;Honda;Categoria I;13700;8 h 56 min;410;SI
BOGOTA;PEREIRA;VILLETA;ALTERNATIVAS VIALES;Honda;Categoria II;14600;8 h 56 min;410;SI
BOGOTA;PEREIRA;VILLETA;ALTERNATIVAS VIALES;Honda;Categoria III;15200;8 h 56 min;410;SI
BOGOTA;PEREIRA;VILLETA;ALTERNATIVAS VIALES;Honda;Categoria IV;15900;8 h 56 min;410;SI
BOGOTA;PEREIRA;VILLETA;ALTERNATIVAS VIALES;Honda;Categoria V;33500;8 h 56 min;410;SI
BOGOTA;PEREIRA;VILLETA;ALTERNATIVAS VIALES;Honda;Categoria VI;45900;8 h 56 min;410;SI
BOGOTA;PEREIRA;VILLETA;ALTERNATIVAS VIALES;Honda;Categoria VII;49700;8 h 56 min;410;SI
BOGOTA;PEREIRA;VILLETA;AUTOPISTA DEL CAFE;Pavas;Categoria I;14600;8 h 56 min;410;SI
BOGOTA;PEREIRA;VILLETA;AUTOPISTA DEL CAFE;Pavas;Categoria II;17500;8 h 56 min;410;SI
BOGOTA;PEREIRA;VILLETA;AUTOPISTA DEL CAFE;Pavas;Categoria III;17500;8 h 56 min;410;SI
BOGOTA;PEREIRA;VILLETA;AUTOPISTA DEL CAFE;Pavas;Categoria IV;17500;8 h 56 min;410;SI
BOGOTA;PEREIRA;VILLETA;AUTOPISTA DEL CAFE;Pavas;Categoria V;42600;8 h 56 min;410;SI
BOGOTA;PEREIRA;VILLETA;AUTOPISTA DEL CAFE;Pavas;Categoria VI;53200;8 h 56 min;410;SI
BOGOTA;PEREIRA;VILLETA;AUTOPISTA DEL CAFE;Pavas;Categoria VII;61600;8 h 56 min;410;SI
BOGOTA;PEREIRA;VILLETA;AUTOPISTA DEL CAFE;Tarapaca II;Categoria I;16100;8 h 56 min;410;SI
BOGOTA;PEREIRA;VILLETA;AUTOPISTA DEL CAFE;Tarapaca II;Categoria II;21300;8 h 56 min;410;SI
BOGOTA;PEREIRA;VILLETA;AUTOPISTA DEL CAFE;Tarapaca II;Categoria III;21300;8 h 56 min;410;SI
BOGOTA;PEREIRA;VILLETA;AUTOPISTA DEL CAFE;Tarapaca II;Categoria IV;21300;8 h 56 min;410;SI
BOGOTA;PEREIRA;VILLETA;AUTOPISTA DEL CAFE;Tarapaca II;Categoria V;52500;8 h 56 min;410;SI
BOGOTA;PEREIRA;VILLETA;AUTOPISTA DEL CAFE;Tarapaca II;Categoria VI;69600;8 h 56 min;410;SI
BOGOTA;PEREIRA;VILLETA;AUTOPISTA DEL CAFE;Tarapaca II;Categoria VII;77700;8 h 56 min;410;SI
BOGOTA;ARMENIA;MELGAR;Via 40;Chusac�;Categoria I;11500;5 h 37 min;282;SI
BOGOTA;ARMENIA;MELGAR;Via 40;Chusac�;Categoria II;12900;5 h 37 min;282;SI
BOGOTA;ARMENIA;MELGAR;Via 40;Chusac�;Categoria III;27600;5 h 37 min;282;SI
BOGOTA;ARMENIA;MELGAR;Via 40;Chusac�;Categoria IV;44900;5 h 37 min;282;SI
BOGOTA;ARMENIA;MELGAR;Via 40;Chusac�;Categoria V;51600;5 h 37 min;282;SI
BOGOTA;ARMENIA;MELGAR;Via 40;Chinauta;Categoria I;13300;5 h 37 min;282;SI
BOGOTA;ARMENIA;MELGAR;Via 40;Chinauta;Categoria II;14900;5 h 37 min;282;SI
BOGOTA;ARMENIA;MELGAR;Via 40;Chinauta;Categoria III;31500;5 h 37 min;282;SI
BOGOTA;ARMENIA;MELGAR;Via 40;Chinauta;Categoria IV;51100;5 h 37 min;282;SI
BOGOTA;ARMENIA;MELGAR;Via 40;Chinauta;Categoria V;58600;5 h 37 min;282;SI
BOGOTA;ARMENIA;MELGAR;APPGICA;Chicoral;Categoria I;12000;5 h 37 min;282;SI
BOGOTA;ARMENIA;MELGAR;APPGICA;Chicoral;Categoria II;13100;5 h 37 min;282;SI
BOGOTA;ARMENIA;MELGAR;APPGICA;Chicoral;Categoria III;12000;5 h 37 min;282;SI
BOGOTA;ARMENIA;MELGAR;APPGICA;Chicoral;Categoria IV;15600;5 h 37 min;282;SI
BOGOTA;ARMENIA;MELGAR;APPGICA;Chicoral;Categoria V;31700;5 h 37 min;282;SI
BOGOTA;ARMENIA;MELGAR;APPGICA;Chicoral;Categoria VI;42200;5 h 37 min;282;SI
BOGOTA;ARMENIA;MELGAR;APPGICA;Chicoral;Categoria VII;46600;5 h 37 min;282;SI
BOGOTA;ARMENIA;MELGAR;APPGICA;Gualanday;Categoria I;11000;5 h 37 min;282;SI
BOGOTA;ARMENIA;MELGAR;APPGICA;Gualanday;Categoria II;12900;5 h 37 min;282;SI
BOGOTA;ARMENIA;MELGAR;APPGICA;Gualanday;Categoria III;30700;5 h 37 min;282;SI
BOGOTA;ARMENIA;MELGAR;APPGICA;Gualanday;Categoria IV;41300;5 h 37 min;282;SI
BOGOTA;ARMENIA;MELGAR;APPGICA;Gualanday;Categoria V;45500;5 h 37 min;282;SI
BOGOTA;ARMENIA;MELGAR;PEAJES NACIONALES;Tunel de la linea - Portal Bermell�n;Categoria I;10600;5 h 37 min;282;SI
BOGOTA;ARMENIA;MELGAR;PEAJES NACIONALES;Tunel de la linea - Portal Bermell�n;Categoria II;11900;5 h 37 min;282;SI
BOGOTA;ARMENIA;MELGAR;PEAJES NACIONALES;Tunel de la linea - Portal Bermell�n;Categoria III;24500;5 h 37 min;282;SI
BOGOTA;ARMENIA;MELGAR;PEAJES NACIONALES;Tunel de la linea - Portal Bermell�n;Categoria IV;31200;5 h 37 min;282;SI
BOGOTA;ARMENIA;MELGAR;PEAJES NACIONALES;Tunel de la linea - Portal Bermell�n;Categoria V;35300;5 h 37 min;282;SI
BOGOTA;ARMENIA;GIRARDOT;CCFC;Rio Bogota;Categoria I;11200;6 h 21 min;285;SI
BOGOTA;ARMENIA;GIRARDOT;CCFC;Rio Bogota;Categoria II;16700;6 h 21 min;285;SI
BOGOTA;ARMENIA;GIRARDOT;CCFC;Rio Bogota;Categoria III;14600;6 h 21 min;285;SI
BOGOTA;ARMENIA;GIRARDOT;CCFC;Rio Bogota;Categoria IV;19300;6 h 21 min;285;SI
BOGOTA;ARMENIA;GIRARDOT;CCFC;Rio Bogota;Categoria V;32700;6 h 21 min;285;SI
BOGOTA;ARMENIA;GIRARDOT;CCFC;Rio Bogota;Categoria VI;44100;6 h 21 min;285;SI
BOGOTA;ARMENIA;GIRARDOT;CCFC;Rio Bogota;Categoria VII;47700;6 h 21 min;285;SI
BOGOTA;ARMENIA;GIRARDOT;DEVISAB;Mondo�edo;Categoria I;16700; 6 h 21 min;285;Si
BOGOTA;ARMENIA;GIRARDOT;DEVISAB;Mondo�edo;Categoria II;20000;6 h 21 mn;285;Si
BOGOTA;ARMENIA;GIRARDOT;DEVISAB;Mondo�edo;Categoria III;20000; 6 h 21 min;285;Si
BOGOTA;ARMENIA;GIRARDOT;DEVISAB;Mondo�edo;Categoria IV;22900; 6 h 21 min;285;Si
BOGOTA;ARMENIA;GIRARDOT;DEVISAB;Mondo�edo;Categoria V;66200;6 h 21 mn;285;Si
BOGOTA;ARMENIA;GIRARDOT;DEVISAB;Mondo�edo;Categoria VI;91000; 6 h 21 min;285;Si
BOGOTA;ARMENIA;GIRARDOT;DEVISAB;Mondo�edo;Categoria VII;104000; 6 h 21 min;285;Si
BOGOTA;ARMENIA;GIRARDOT;DEVISAB;San pedro;Categoria I;15500; 6 h 21 min;285;Si
BOGOTA;ARMENIA;GIRARDOT;DEVISAB;San pedro;Categoria II;17400; 6 h 21 min;285;Si
BOGOTA;ARMENIA;GIRARDOT;DEVISAB;San pedro;Categoria III;20000; 6 h 21 min;285;Si
BOGOTA;ARMENIA;GIRARDOT;DEVISAB;San pedro;Categoria IV;26900; 6 h 21 min;285;Si
BOGOTA;ARMENIA;GIRARDOT;DEVISAB;San pedro;Categoria V;57700; 6 h 21 min;285;Si
BOGOTA;ARMENIA;GIRARDOT;DEVISAB;San pedro;Categoria VI;75200; 6 h 21 min;285;Si
BOGOTA;ARMENIA;GIRARDOT;DEVISAB;San pedro;Categoria VII;87000; 6 h 21 min;285;Si
BOGOTA;ARMENIA;GIRARDOT;DEVISAB;Pubenza;Categoria I;12600; 6 h 21 min;285;Si
BOGOTA;ARMENIA;GIRARDOT;DEVISAB;Pubenza;Categoria II;14200; 6 h 21 min;285;Si
BOGOTA;ARMENIA;GIRARDOT;DEVISAB;Pubenza;Categoria III;16200; 6 h 21 min;285;Si
BOGOTA;ARMENIA;GIRARDOT;DEVISAB;Pubenza;Categoria IV;21400; 6 h 21 min;285;Si
BOGOTA;ARMENIA;GIRARDOT;DEVISAB;Pubenza;Caegoria V;31100; 6 h 21 min;285;Si
BOGOTA;ARMENIA;GIRARDOT;DEVISAB;Pubenza;Categoria VI;41600; 6 h 21 min;285;Si
BOGOTA;ARMENIA;GIRARDOT;DEVISAB;Pubenza;Categoria VII;47500; 6 h 21 min;285;Si
BOGOTA;ARMENIA;GIRARDOT;APPGICA;Chicoral;Categoria I;12000; 6 h 21 min;285;SI
BOGOTA;ARMENIA;GIRARDOT;APPGICA;Chicoral;Categoria II;13100; 6 h 21 min;285;SI
BOGOTA;ARMENIA;GIRARDOT;APPGICA;Chicoral;Categoria III;12000; 6 h 21 min;285;SI
BOGOTA;ARMENIA;GIRARDOT;APPGICA;Chicoral;Categoria IV;15600; 6 h 21 min;285;SI
BOGOTA;ARMENIA;GIRARDOT;APPGICA;Chicoral;Categoria V;31700; 6 h 21 min;285;SI
BOGOTA;ARMENIA;GIRARDOT;APPGICA;Chicoral;Categoria VI;42200; 6 h 21 min;285;SI
BOGOTA;ARMENIA;GIRARDOT;APPGICA;Chicoral;Categoria VII;46600; 6 h 21 min;285;SI
BOGOTA;ARMENIA;GIRARDOT;APPGICA;Gualanday;Categoria I;11000; 6 h 21 min;285;SI
BOGOTA;ARMENIA;GIRARDOT;APPGICA;Gualanday;Categoria II;12900; 6 h 21 min;285;SI
BOGOTA;ARMENIA;GIRARDOT;APPGICA;Gualanday;Categoria III;30700; 6 h 21 min;285;SI
BOGOTA;ARMENIA;GIRARDOT;APPGICA;Gualanday;Categoria IV;41300; 6 h 21 min;285;SI
BOGOTA;ARMENIA;GIRARDOT;APPGICA;Gualanday;Categoria V;45500; 6 h 21 min;285;SI
BOGOTA;ARMENIA;GIRARDOT;APPGICA;Cocora;Categoria I;14200; 6 h 21 min;285;SI
BOGOTA;ARMENIA;GIRARDOT;APPGICA;Cocora;Categoria II;15500; 6 h 21 min;285;SI
BOGOTA;ARMENIA;GIRARDOT;APPGICA;Cocora;Categoria III;35900; 6 h 21 min;285;SI
BOGOTA;ARMENIA;GIRARDOT;APPGICA;Cocora;Categoria IV;47800; 6 h 21 min;285;SI
BOGOTA;ARMENIA;GIRARDOT;APPGICA;Cocora;Categoria V;52800; 6 h 21 min;285;SI
BOGOTA;ARMENIA;GIRARDOT;PEAJES NACIONALES;Tunel de la linea - Portal Bermell�n;Categoria I;10600; 6 h 21 min;285;SI
BOGOTA;ARMENIA;GIRARDOT;PEAJES NACIONALES;Tunel de la linea - Portal Bermell�n;Categoria II;11900; 6 h 21 min;285;SI
BOGOTA;ARMENIA;GIRARDOT;PEAJES NACIONALES;Tunel de la linea - Portal Bermell�n;Categoria III;24500; 6 h 21 min;285;SI
BOGOTA;ARMENIA;GIRARDOT;PEAJES NACIONALES;Tunel de la linea - Portal Bermell�n;Categoria IV;31200; 6 h 21 min;285;SI
BOGOTA;ARMENIA;GIRARDOT;PEAJES NACIONALES;Tunel de la linea - Portal Bermell�n;Categoria V;35300; 6 h 21 min;285;SI
BOGOTA;ARMENIA;VILLETA;SABANA DE OCCIDENTE;Siberia;Categoria I;13800;9 h 24 min;385;SI
BOGOTA;ARMENIA;VILLETA;SABANA DE OCCIDENTE;Siberia;Categoria II;19600;9 h 24 min;385;SI
BOGOTA;ARMENIA;VILLETA;SABANA DE OCCIDENTE;Siberia;Categoria III;16500;9 h 24 min;385;SI
BOGOTA;ARMENIA;VILLETA;SABANA DE OCCIDENTE;Siberia;Categoria IV;21900;9 h 24 min;385;SI
BOGOTA;ARMENIA;VILLETA;SABANA DE OCCIDENTE;Siberia;Categoria V;38300;9 h 24 min;385;SI
BOGOTA;ARMENIA;VILLETA;SABANA DE OCCIDENTE;Siberia;Categoria VI;51200;9 h 24 min;385;SI
BOGOTA;ARMENIA;VILLETA;SABANA DE OCCIDENTE;Siberia;Categoria VII;56300;9 h 24 min;385;SI
BOGOTA;ARMENIA;VILLETA;SABANA DE OCCIDENTE;Caiquero;Categoria I;12800;9 h 24 min;385;SI
BOGOTA;ARMENIA;VILLETA;SABANA DE OCCIDENTE;Caiquero;Categoria II;16600;9 h 24 min;385;SI
BOGOTA;ARMENIA;VILLETA;SABANA DE OCCIDENTE;Caiquero;Categoria III;40800;9 h 24 min;385;SI
BOGOTA;ARMENIA;VILLETA;SABANA DE OCCIDENTE;Caiquero;Categoria IV;49200;9 h 24 min;385;SI
BOGOTA;ARMENIA;VILLETA;SABANA DE OCCIDENTE;Caiquero;Categoria V;56500;9 h 24 min;385;SI
BOGOTA;ARMENIA;VILLETA;PEAJES NACIONALES;Bicentenario;Categoria I;11400;9 h 24 min;385;SI
BOGOTA;ARMENIA;VILLETA;PEAJES NACIONALES;Bicentenario;Categoria II;14800;9 h 24 min;385;SI
BOGOTA;ARMENIA;VILLETA;PEAJES NACIONALES;Bicentenario;Categoria III;34500;9 h 24 min;385;SI
BOGOTA;ARMENIA;VILLETA;PEAJES NACIONALES;Bicentenario;Categoria IV;41800;9 h 24 min;385;SI
BOGOTA;ARMENIA;VILLETA;PEAJES NACIONALES;Bicentenario;Categoria V;48500;9 h 24 min;385;SI
BOGOTA;ARMENIA;VILLETA;ALTERNATIVAS VIALES;Honda;Categoria I;13700;9 h 24 min;385;SI
BOGOTA;ARMENIA;VILLETA;ALTERNATIVAS VIALES;Honda;Categoria II;14600;9 h 24 min;385;SI
BOGOTA;ARMENIA;VILLETA;ALTERNATIVAS VIALES;Honda;Categoria III;15200;9 h 24 min;385;SI
BOGOTA;ARMENIA;VILLETA;ALTERNATIVAS VIALES;Honda;Categoria IV;15900;9 h 24 min;385;SI
BOGOTA;ARMENIA;VILLETA;ALTERNATIVAS VIALES;Honda;Categoria V;33500;9 h 24 min;385;SI
BOGOTA;ARMENIA;VILLETA;ALTERNATIVAS VIALES;Honda;Categoria VI;45900;9 h 24 min;385;SI
BOGOTA;ARMENIA;VILLETA;ALTERNATIVAS VIALES;Honda;Categoria VII;49700;9 h 24 min;385;SI
BOGOTA;ARMENIA;VILLETA;AUTOPISTA DEL CAFE;Pavas;Categoria I;14600;9 h 24 min;385;SI
BOGOTA;ARMENIA;VILLETA;AUTOPISTA DEL CAFE;Pavas;Categoria II;17500;9 h 24 min;385;SI
BOGOTA;ARMENIA;VILLETA;AUTOPISTA DEL CAFE;Pavas;Categoria III;17500;9 h 24 min;385;SI
BOGOTA;ARMENIA;VILLETA;AUTOPISTA DEL CAFE;Pavas;Categoria IV;17500;9 h 24 min;385;SI
BOGOTA;ARMENIA;VILLETA;AUTOPISTA DEL CAFE;Pavas;Categoria V;42600;9 h 24 min;385;SI
BOGOTA;ARMENIA;VILLETA;AUTOPISTA DEL CAFE;Pavas;Categoria VI;53200;9 h 24 min;385;SI
BOGOTA;ARMENIA;VILLETA;AUTOPISTA DEL CAFE;Pavas;Categoria VII;61600;9 h 24 min;385;SI
BOGOTA;ARMENIA;VILLETA;AUTOPISTA DEL CAFE;Tarapaca II;Categoria I;16100;9 h 24 min;385;SI
BOGOTA;ARMENIA;VILLETA;AUTOPISTA DEL CAFE;Tarapaca II;Categoria II;21300;9 h 24 min;385;SI
BOGOTA;ARMENIA;VILLETA;AUTOPISTA DEL CAFE;Tarapaca II;Categoria III;21300;9 h 24 min;385;SI
BOGOTA;ARMENIA;VILLETA;AUTOPISTA DEL CAFE;Tarapaca II;Categoria IV;21300;9 h 24 min;385;SI
BOGOTA;ARMENIA;VILLETA;AUTOPISTA DEL CAFE;Tarapaca II;Categoria V;52500;9 h 24 min;385;SI
BOGOTA;ARMENIA;VILLETA;AUTOPISTA DEL CAFE;Tarapaca II;Categoria VI;69600;9 h 24 min;385;SI
BOGOTA;ARMENIA;VILLETA;AUTOPISTA DEL CAFE;Tarapaca II;Categoria VII;77700;9 h 24 min;385;SI
BOGOTA;ARMENIA;VILLETA;AUTOPISTADELCAFE;Circasia;Categoria I;19200;9 h 24 min;385;SI
BOGOTA;ARMENIA;VILLETA;AUTOPISTADELCAFE;Circasia;Categoria II;24400;9 h 24 min;385;SI
BOGOTA;ARMENIA;VILLETA;AUTOPISTADELCAFE;Circasia;Categoria III;24400;9 h 24 min;385;SI
BOGOTA;ARMENIA;VILLETA;AUTOPISTADELCAFE;Circasia;Categoria IV;59200;9 h 24 min;385;SI
BOGOTA;ARMENIA;VILLETA;AUTOPISTADELCAFE;Circasia;Categoria V;72700;9 h 24 min;385;SI
BOGOTA;ARMENIA;VILLETA;AUTOPISTADELCAFE;Circasia;Categoria VI;80900;9 h 24 min;385;SI
BOGOTA;BUCARAMANGA;Zipaquira;ACCENORTE SAS;Andes;Categoria I;11100;9 h 00 min;389;SI
BOGOTA;BUCARAMANGA;Zipaquira;ACCENORTE SAS;Andes;Categoria II;19200;9 h 00 min;389;SI
BOGOTA;BUCARAMANGA;Zipaquira;ACCENORTE SAS;Andes;Categoria III;12500;9 h 00 min;389;SI
BOGOTA;BUCARAMANGA;Zipaquira;ACCENORTE SAS;Andes;Categoria IV;27800;9 h 00 min;389;SI
BOGOTA;BUCARAMANGA;Zipaquira;ACCENORTE SAS;Andes;Categoria V;42100;9 h 00 min;389;SI
BOGOTA;BUCARAMANGA;Zipaquira;ACCENORTE SAS;Andes;Categoria VI;54000;9 h 00 min;389;SI
BOGOTA;BUCARAMANGA;Zipaquira;ACCENORTE SAS;Andes;Categoria VII;59900;9 h 00 min;389;SI
BOGOTA;BUCARAMANGA;Zipaquira;PEAJES NACIONALES;Casablanca;Categoria I;10500;9 h 00 min;389;SI
BOGOTA;BUCARAMANGA;Zipaquira;PEAJES NACIONALES;Casablanca;Categoria II;11300;9 h 00 min;389;SI
BOGOTA;BUCARAMANGA;Zipaquira;PEAJES NACIONALES;Casablanca;Categoria III;29200;9 h 00 min;389;SI
BOGOTA;BUCARAMANGA;Zipaquira;PEAJES NACIONALES;Casablanca;Categoria IV;36200;9 h 00 min;389;SI
BOGOTA;BUCARAMANGA;Zipaquira;PEAJES NACIONALES;Casablanca;Categoria V;42300;9 h 00 min;389;SI
BOGOTA;BUCARAMANGA;Zipaquira;PEAJES NACIONALES;Saboy�;Categoria I;10500;9 h 00 min;389;SI
BOGOTA;BUCARAMANGA;Zipaquira;PEAJES NACIONALES;Saboy�;Categoria II;11300;9 h 00 min;389;SI
BOGOTA;BUCARAMANGA;Zipaquira;PEAJES NACIONALES;Saboy�;Categoria III;29200;9 h 00 min;389;SI
BOGOTA;BUCARAMANGA;Zipaquira;PEAJES NACIONALES;Saboy�;Categoria IV;36200;9 h 00 min;389;SI
BOGOTA;BUCARAMANGA;Zipaquira;PEAJES NACIONALES;Saboy�;Categoria V;42300;9 h 00 min;389;SI
BOGOTA;BUCARAMANGA;Zipaquira;PEAJES NACIONALES;Oiba;Categoria I;10500;9 h 00 min;389;NO
BOGOTA;BUCARAMANGA;Zipaquira;PEAJES NACIONALES;Oiba;Categoria II;11300;9 h 00 min;389;NO
BOGOTA;BUCARAMANGA;Zipaquira;PEAJES NACIONALES;Oiba;Categoria III;29200;9 h 00 min;389;NO
BOGOTA;BUCARAMANGA;Zipaquira;PEAJES NACIONALES;Oiba;Categoria IV;36200;9 h 00 min;389;NO
BOGOTA;BUCARAMANGA;Zipaquira;PEAJES NACIONALES;Oiba;Categoria V;42300;9 h 00 min;389;NO
BOGOTA;BUCARAMANGA;Zipaquira;PEAJES NACIONALES;Curit�;Categoria I;10500;9 h 00 min;389;SI
BOGOTA;BUCARAMANGA;Zipaquira;PEAJES NACIONALES;Curit�;Categoria II;11300;9 h 00 min;389;SI
BOGOTA;BUCARAMANGA;Zipaquira;PEAJES NACIONALES;Curit�;Categoria III;29200;9 h 00 min;389;SI
BOGOTA;BUCARAMANGA;Zipaquira;PEAJES NACIONALES;Curit�;Categoria IV;36200;9 h 00 min;389;SI
BOGOTA;BUCARAMANGA;Zipaquira;PEAJES NACIONALES;Curit�;Categoria V;42300;9 h 00 min;389;SI
BOGOTA;BUCARAMANGA;Zipaquira;PEAJES NACIONALES;Los Curos;Categoria I;10500;9 h 00 min;389;SI
BOGOTA;BUCARAMANGA;Zipaquira;PEAJES NACIONALES;Los Curos;Categoria II;11300;9 h 00 min;389;SI
BOGOTA;BUCARAMANGA;Zipaquira;PEAJES NACIONALES;Los Curos;Categoria III;29200;9 h 00 min;389;SI
BOGOTA;BUCARAMANGA;Zipaquira;PEAJES NACIONALES;Los Curos;Categoria IV;36200;9 h 00 min;389;SI
BOGOTA;BUCARAMANGA;Zipaquira;PEAJES NACIONALES;Los Curos;Categoria V;42300;9 h 00 min;389;SI
BOGOTA;BUCARAMANGA;Tocancipa;ACCENORTE SAS;Andes;Categoria I;11100;8 h 50 min;426;SI
BOGOTA;BUCARAMANGA;Tocancipa;ACCENORTE SAS;Andes;Categoria II;19200;8 h 50 min;426;SI
BOGOTA;BUCARAMANGA;Tocancipa;ACCENORTE SAS;Andes;Categoria III;12500;8 h 50 min;426;SI
BOGOTA;BUCARAMANGA;Tocancipa;ACCENORTE SAS;Andes;Categoria IV;27800;8 h 50 min;426;SI
BOGOTA;BUCARAMANGA;Tocancipa;ACCENORTE SAS;Andes;Categoria V;42100;8 h 50 min;426;SI
BOGOTA;BUCARAMANGA;Tocancipa;ACCENORTE SAS;Andes;Categoria VI;54000;8 h 50 min;426;SI
BOGOTA;BUCARAMANGA;Tocancipa;ACCENORTE SAS;Andes;Categoria VII;59900;8 h 50 min;426;SI
BOGOTA;BUCARAMANGA;Tocancipa;CONCESION BTS;Roble;Categoria I;10300;8 h 50 min;426;SI
BOGOTA;BUCARAMANGA;Tocancipa;CONCESION BTS;Roble;Categoria II;11400;8 h 50 min;426;SI
BOGOTA;BUCARAMANGA;Tocancipa;CONCESION BTS;Roble;Categoria III;29300;8 h 50 min;426;SI
BOGOTA;BUCARAMANGA;Tocancipa;CONCESION BTS;Roble;Categoria IV;36200;8 h 50 min;426;SI
BOGOTA;BUCARAMANGA;Tocancipa;CONCESION BTS;Roble;Categoria V;42600;8 h 50 min;426;SI
BOGOTA;BUCARAMANGA;Tocancipa;CONCESION BTS;Albarrac�n;Categoria I;10300;8 h 50 min;426;SI
BOGOTA;BUCARAMANGA;Tocancipa;CONCESION BTS;Albarrac�n;Categoria II;11400;8 h 50 min;426;SI
BOGOTA;BUCARAMANGA;Tocancipa;CONCESION BTS;Albarrac�n;Categoria III;29300;8 h 50 min;426;SI
BOGOTA;BUCARAMANGA;Tocancipa;CONCESION BTS;Albarrac�n;Categoria IV;36200;8 h 50 min;426;SI
BOGOTA;BUCARAMANGA;Tocancipa;CONCESION BTS;Albarrac�n;Categoria V;42600;8 h 50 min;426;SI
BOGOTA;BUCARAMANGA;Tocancipa;PEAJES NACIONALES;Oiba;Categoria I;10500;8 h 50 min;426;NO
BOGOTA;BUCARAMANGA;Tocancipa;PEAJES NACIONALES;Oiba;Categoria II;11300;8 h 50 min;426;NO
BOGOTA;BUCARAMANGA;Tocancipa;PEAJES NACIONALES;Oiba;Categoria III;29200;8 h 50 min;426;NO
BOGOTA;BUCARAMANGA;Tocancipa;PEAJES NACIONALES;Oiba;Categoria IV;36200;8 h 50 min;426;NO
BOGOTA;BUCARAMANGA;Tocancipa;PEAJES NACIONALES;Oiba;Categoria V;42300;8 h 50 min;426;NO
BOGOTA;BUCARAMANGA;Tocancipa;PEAJES NACIONALES;Los Curos;Categoria I;10500;8 h 50 min;426;SI
BOGOTA;BUCARAMANGA;Tocancipa;PEAJES NACIONALES;Los Curos;Categoria II;11300;8 h 50 min;426;SI
BOGOTA;BUCARAMANGA;Tocancipa;PEAJES NACIONALES;Los Curos;Categoria III;29200;8 h 50 min;426;SI
BOGOTA;BUCARAMANGA;Tocancipa;PEAJES NACIONALES;Los Curos;Categoria IV;36200;8 h 50 min;426;SI
BOGOTA;BUCARAMANGA;Tocancipa;PEAJES NACIONALES;Los Curos;Categoria V;42300;8 h 50 min;426;SI
BOGOTA;BUCARAMANGA;VILLETA;SABANA DE OCCIDENTE;Siberia;Categoria I;13800;9 h 06 min;509;SI
BOGOTA;BUCARAMANGA;VILLETA;SABANA DE OCCIDENTE;Siberia;Categoria II;19600;9 h 06 min;509;SI
BOGOTA;BUCARAMANGA;VILLETA;SABANA DE OCCIDENTE;Siberia;Categoria III;16500;9 h 06 min;509;SI
BOGOTA;BUCARAMANGA;VILLETA;SABANA DE OCCIDENTE;Siberia;Categoria IV;21900;9 h 06 min;509;SI
BOGOTA;BUCARAMANGA;VILLETA;SABANA DE OCCIDENTE;Siberia;Categoria V;38300;9 h 06 min;509;SI
BOGOTA;BUCARAMANGA;VILLETA;SABANA DE OCCIDENTE;Siberia;Categoria VI;51200;9 h 06 min;509;SI
BOGOTA;BUCARAMANGA;VILLETA;SABANA DE OCCIDENTE;Siberia;Categoria VII;56300;9 h 06 min;509;SI
BOGOTA;BUCARAMANGA;VILLETA;SABANA DE OCCIDENTE;Caiquero;Categoria I;12800;9 h 06 min;509;SI
BOGOTA;BUCARAMANGA;VILLETA;SABANA DE OCCIDENTE;Caiquero;Categoria II;16600;9 h 06 min;509;SI
BOGOTA;BUCARAMANGA;VILLETA;SABANA DE OCCIDENTE;Caiquero;Categoria III;40800;9 h 06 min;509;SI
BOGOTA;BUCARAMANGA;VILLETA;SABANA DE OCCIDENTE;Caiquero;Categoria IV;49200;9 h 06 min;509;SI
BOGOTA;BUCARAMANGA;VILLETA;SABANA DE OCCIDENTE;Caiquero;Categoria V;56500;9 h 06 min;509;SI
BOGOTA;BUCARAMANGA;VILLETA;PEAJES NACIONALES;El koran;Categoria I;16500;9 h 06 min;509;SI
BOGOTA;BUCARAMANGA;VILLETA;PEAJES NACIONALES;El koran;Categoria II;23000;9 h 06 min;509;SI
BOGOTA;BUCARAMANGA;VILLETA;PEAJES NACIONALES;El koran;Categoria III;32300;9 h 06 min;509;SI
BOGOTA;BUCARAMANGA;VILLETA;PEAJES NACIONALES;El koran;Categoria IV;32300;9 h 06 min;509;SI
BOGOTA;BUCARAMANGA;VILLETA;PEAJES NACIONALES;El koran;Categoria V;98900;9 h 06 min;509;SI
BOGOTA;BUCARAMANGA;VILLETA;PEAJES NACIONALES;El koran;Categoria VI;83400;9 h 06 min;509;SI
BOGOTA;BUCARAMANGA;VILLETA;AUTOPISTA MAGADALENA MEDIO;Zambito;Categoria I;13500;9 h 06 min;509;NO
BOGOTA;BUCARAMANGA;VILLETA;AUTOPISTA MAGADALENA MEDIO;Zambito;Categoria II;17000;9 h 06 min;509;NO
BOGOTA;BUCARAMANGA;VILLETA;AUTOPISTA MAGADALENA MEDIO;Zambito;Categoria III;39500;9 h 06 min;509;NO
BOGOTA;BUCARAMANGA;VILLETA;AUTOPISTA MAGADALENA MEDIO;Zambito;Categoria IV;47300;9 h 06 min;509;NO
BOGOTA;BUCARAMANGA;VILLETA;AUTOPISTA MAGADALENA MEDIO;Zambito;Categoria V;55600;9 h 06 min;509;NO
BOGOTA;BUCARAMANGA;VILLETA;AUTOPISTA MAGADALENA MEDIO;Aguas negras;Categoria I;13500;9 h 06 min;509;NO
BOGOTA;BUCARAMANGA;VILLETA;AUTOPISTA MAGADALENA MEDIO;Aguas negras;Categoria II;17000;9 h 06 min;509;NO
BOGOTA;BUCARAMANGA;VILLETA;AUTOPISTA MAGADALENA MEDIO;Aguas negras;Categoria III;39500;9 h 06 min;509;NO
BOGOTA;BUCARAMANGA;VILLETA;AUTOPISTA MAGADALENA MEDIO;Aguas negras;Categoria IV;47300;9 h 06 min;509;NO
BOGOTA;BUCARAMANGA;VILLETA;AUTOPISTA MAGADALENA MEDIO;Aguas negras;Categoria V;55600;9 h 06 min;509;NO
BOGOTA;BARICHARA;Tocancipa;ACCENORTE SAS;Andes;Categoria I;11100;7 h 05 min;349;SI
BOGOTA;BARICHARA;Tocancipa;ACCENORTE SAS;Andes;Categoria II;19200;7 h 05 min;349;SI
BOGOTA;BARICHARA;Tocancipa;ACCENORTE SAS;Andes;Categoria III;12500;7 h 05 min;349;SI
BOGOTA;BARICHARA;Tocancipa;ACCENORTE SAS;Andes;Categoria IV;27800;7 h 05 min;349;SI
BOGOTA;BARICHARA;Tocancipa;ACCENORTE SAS;Andes;Categoria V;42100;7 h 05 min;349;SI
BOGOTA;BARICHARA;Tocancipa;ACCENORTE SAS;Andes;Categoria VI;54000;7 h 05 min;349;SI
BOGOTA;BARICHARA;Tocancipa;ACCENORTE SAS;Andes;Categoria VII;59900;7 h 05 min;349;SI
BOGOTA;BARICHARA;Tocancipa;CONCESION BTS;Roble;Categoria I;10300;7 h 05 min;349;SI
BOGOTA;BARICHARA;Tocancipa;CONCESION BTS;Roble;Categoria II;11400;7 h 05 min;349;SI
BOGOTA;BARICHARA;Tocancipa;CONCESION BTS;Roble;Categoria III;29300;7 h 05 min;349;SI
BOGOTA;BARICHARA;Tocancipa;CONCESION BTS;Roble;Categoria IV;36200;7 h 05 min;349;SI
BOGOTA;BARICHARA;Tocancipa;CONCESION BTS;Roble;Categoria V;42600;7 h 05 min;349;SI
BOGOTA;BARICHARA;Tocancipa;PEAJES NACIONALES;Arcabuco;Categoria I;10600;7 h 05 min;349;SI
BOGOTA;BARICHARA;Tocancipa;PEAJES NACIONALES;Arcabuco;Categoria II;11400;7 h 05 min;349;SI
BOGOTA;BARICHARA;Tocancipa;PEAJES NACIONALES;Arcabuco;Categoria III;24300;7 h 05 min;349;SI
BOGOTA;BARICHARA;Tocancipa;PEAJES NACIONALES;Arcabuco;Categoria IV;30900;7 h 05 min;349;SI
BOGOTA;BARICHARA;Tocancipa;PEAJES NACIONALES;Arcabuco;Categoria V;34700;7 h 05 min;349;SI
BOGOTA;BARICHARA;Zipaquira;ACCENORTE SAS;Andes;Categoria I;11100;7 h 05 min;349;SI
BOGOTA;BARICHARA;Zipaquira;ACCENORTE SAS;Andes;Categoria II;19200;7 h 05 min;349;SI
BOGOTA;BARICHARA;Zipaquira;ACCENORTE SAS;Andes;Categoria III;12500;7 h 05 min;349;SI
BOGOTA;BARICHARA;Zipaquira;ACCENORTE SAS;Andes;Categoria IV;27800;7 h 05 min;349;SI
BOGOTA;BARICHARA;Zipaquira;ACCENORTE SAS;Andes;Categoria V;42100;7 h 05 min;349;SI
BOGOTA;BARICHARA;Zipaquira;ACCENORTE SAS;Andes;Categoria VI;54000;7 h 05 min;349;SI
BOGOTA;BARICHARA;Zipaquira;ACCENORTE SAS;Andes;Categoria VII;59900;7 h 05 min;349;SI
BOGOTA;BARICHARA;Zipaquira;PEAJES NACIONALES;Casa blanca;Categoria I;10500;7 h 05 min;349;SI
BOGOTA;BARICHARA;Zipaquira;PEAJES NACIONALES;Casa blanca;Categoria II;11300;7 h 05 min;349;SI
BOGOTA;BARICHARA;Zipaquira;PEAJES NACIONALES;Casa blanca;Categoria III;29200;7 h 05 min;349;SI
BOGOTA;BARICHARA;Zipaquira;PEAJES NACIONALES;Casa blanca;Categoria IV;36200;7 h 05 min;349;SI
BOGOTA;BARICHARA;Zipaquira;PEAJES NACIONALES;Casa blanca;Categoria V;42300;7 h 05 min;349;SI
BOGOTA;BARICHARA;Zipaquira;PEAJES NACIONALES;Saboy�;Categoria I;10500;7 h 05 min;349;SI
BOGOTA;BARICHARA;Zipaquira;PEAJES NACIONALES;Saboy�;Categoria II;11300;7 h 05 min;349;SI
BOGOTA;BARICHARA;Zipaquira;PEAJES NACIONALES;Saboy�;Categoria III;29200;7 h 05 min;349;SI
BOGOTA;BARICHARA;Zipaquira;PEAJES NACIONALES;Saboy�;Categoria IV;36200;7 h 05 min;349;SI
BOGOTA;BARICHARA;Zipaquira;PEAJES NACIONALES;Saboy�;Categoria V;42300;7 h 05 min;349;SI
BOGOTA;BARICHARA;Zipaquira;PEAJES NACIONALES;Oiba;Categoria I;10500;7 h 05 min;349;NO
BOGOTA;BARICHARA;Zipaquira;PEAJES NACIONALES;Oiba;Categoria II;11300;7 h 05 min;349;NO
BOGOTA;BARICHARA;Zipaquira;PEAJES NACIONALES;Oiba;Categoria III;29200;7 h 05 min;349;NO
BOGOTA;BARICHARA;Zipaquira;PEAJES NACIONALES;Oiba;Categoria IV;36200;7 h 05 min;349;NO
BOGOTA;BARICHARA;Zipaquira;PEAJES NACIONALES;Oiba;Categoria V;42300;7 h 05 min;349;NO
BOGOTA;BARICHARA;EL ROSAL;SABANA DE OCCIDENTE;Siberia;Categoria I;13800;7 h 05 min;349;SI
BOGOTA;BARICHARA;EL ROSAL;SABANA DE OCCIDENTE;Siberia;Categoria II;19600;7 h 05 min;349;SI
BOGOTA;BARICHARA;EL ROSAL;SABANA DE OCCIDENTE;Siberia;Categoria III;16500;7 h 05 min;349;SI
BOGOTA;BARICHARA;EL ROSAL;SABANA DE OCCIDENTE;Siberia;Categoria IV;21900;7 h 05 min;349;SI
BOGOTA;BARICHARA;EL ROSAL;SABANA DE OCCIDENTE;Siberia;Categoria V;38300;7 h 05 min;349;SI
BOGOTA;BARICHARA;EL ROSAL;SABANA DE OCCIDENTE;Siberia;Categoria VI;51200;7 h 05 min;349;SI
BOGOTA;BARICHARA;EL ROSAL;SABANA DE OCCIDENTE;Siberia;Categoria VII;56300;7 h 05 min;349;SI
BOGOTA;BARICHARA;EL ROSAL;SABANA DE OCCIDENTE;Caiquero;Categoria I;12800;7 h 05 min;349;SI
BOGOTA;BARICHARA;EL ROSAL;SABANA DE OCCIDENTE;Caiquero;Categoria II;16600;7 h 05 min;349;SI
BOGOTA;BARICHARA;EL ROSAL;SABANA DE OCCIDENTE;Caiquero;Categoria III;40800;7 h 05 min;349;SI
BOGOTA;BARICHARA;EL ROSAL;SABANA DE OCCIDENTE;Caiquero;Categoria IV;49200;7 h 05 min;349;SI
BOGOTA;BARICHARA;EL ROSAL;SABANA DE OCCIDENTE;Caiquero;Categoria V;56500;7 h 05 min;349;SI
BOGOTA;BARICHARA;EL ROSAL;PEAJES NACIONALES;El koran;Categoria I;16500;7 h 05 min;349;SI
BOGOTA;BARICHARA;EL ROSAL;PEAJES NACIONALES;El koran;Categoria II;23000;7 h 05 min;349;SI
BOGOTA;BARICHARA;EL ROSAL;PEAJES NACIONALES;El koran;Categoria III;32300;7 h 05 min;349;SI
BOGOTA;BARICHARA;EL ROSAL;PEAJES NACIONALES;El koran;Categoria IV;32300;7 h 05 min;349;SI
BOGOTA;BARICHARA;EL ROSAL;PEAJES NACIONALES;El koran;Categoria V;98900;7 h 05 min;349;SI
BOGOTA;BARICHARA;EL ROSAL;PEAJES NACIONALES;El koran;Categoria VI;83400;7 h 05 min;349;SI
BOGOTA;BARICHARA;EL ROSAL;AUTOPISTA MAGADALENA MEDIO;Zambito;Categoria I;13500;7 h 05 min;349;NO
BOGOTA;BARICHARA;EL ROSAL;AUTOPISTA MAGADALENA MEDIO;Zambito;Categoria II;17000;7 h 05 min;349;NO
BOGOTA;BARICHARA;EL ROSAL;AUTOPISTA MAGADALENA MEDIO;Zambito;Categoria III;39500;7 h 05 min;349;NO
BOGOTA;BARICHARA;EL ROSAL;AUTOPISTA MAGADALENA MEDIO;Zambito;Categoria IV;47300;7 h 05 min;349;NO
BOGOTA;BARICHARA;EL ROSAL;AUTOPISTA MAGADALENA MEDIO;Zambito;Categoria V;55600;7 h 05 min;349;NO
BOGOTA;BARICHARA;EL ROSAL;PEAJES NACIONALES;Los Curos;Categoria I;10500;7 h 05 min;349;SI
BOGOTA;BARICHARA;EL ROSAL;PEAJES NACIONALES;Los Curos;Categoria II;11300;7 h 05 min;349;SI
BOGOTA;BARICHARA;EL ROSAL;PEAJES NACIONALES;Los Curos;Categoria III;29200;7 h 05 min;349;SI
BOGOTA;BARICHARA;EL ROSAL;PEAJES NACIONALES;Los Curos;Categoria IV;36200;7 h 05 min;349;SI
BOGOTA;BARICHARA;EL ROSAL;PEAJES NACIONALES;Los Curos;Categoria V;42300;7 h 05 min;349;SI
BOGOTA;BARICHARA;EL ROSAL;PEAJES NACIONALES;Curit�;Categoria I;10500;7 h 05 min;349;SI
BOGOTA;BARICHARA;EL ROSAL;PEAJES NACIONALES;Curit�;Categoria II;11300;7 h 05 min;349;SI
BOGOTA;BARICHARA;EL ROSAL;PEAJES NACIONALES;Curit�;Categoria III;29200;7 h 05 min;349;SI
BOGOTA;BARICHARA;EL ROSAL;PEAJES NACIONALES;Curit�;Categoria IV;36200;7 h 05 min;349;SI
BOGOTA;BARICHARA;EL ROSAL;PEAJES NACIONALES;Curit�;Categoria V;42300;7 h 05 min;349;SI
BOGOTA;SAN GIL;Tocancipa;ACCENORTE SAS;Andes;Categoria I;11100;6 h 35 min;328;SI
BOGOTA;SAN GIL;Tocancipa;ACCENORTE SAS;Andes;Categoria II;19200;6 h 35 min;328;SI
BOGOTA;SAN GIL;Tocancipa;ACCENORTE SAS;Andes;Categoria III;12500;6 h 35 min;328;SI
BOGOTA;SAN GIL;Tocancipa;ACCENORTE SAS;Andes;Categoria IV;27800;6 h 35 min;328;SI
BOGOTA;SAN GIL;Tocancipa;ACCENORTE SAS;Andes;Categoria V;42100;6 h 35 min;328;SI
BOGOTA;SAN GIL;Tocancipa;ACCENORTE SAS;Andes;Categoria VI;54000;6 h 35 min;328;SI
BOGOTA;SAN GIL;Tocancipa;ACCENORTE SAS;Andes;Categoria VII;59900;6 h 35 min;328;SI
BOGOTA;SAN GIL;Tocancipa;CONCESION BTS;Roble;Categoria I;10300;6 h 35 min;328;SI
BOGOTA;SAN GIL;Tocancipa;CONCESION BTS;Roble;Categoria II;11400;6 h 35 min;328;SI
BOGOTA;SAN GIL;Tocancipa;CONCESION BTS;Roble;Categoria III;29300;6 h 35 min;328;SI
BOGOTA;SAN GIL;Tocancipa;CONCESION BTS;Roble;Categoria IV;36200;6 h 35 min;328;SI
BOGOTA;SAN GIL;Tocancipa;CONCESION BTS;Roble;Categoria V;42600;6 h 35 min;328;SI
BOGOTA;SAN GIL;Tocancipa;CONCESION BTS;Albarrac�n;Categoria I;10300;6 h 35 min;328;SI
BOGOTA;SAN GIL;Tocancipa;CONCESION BTS;Albarrac�n;Categoria II;11400;6 h 35 min;328;SI
BOGOTA;SAN GIL;Tocancipa;CONCESION BTS;Albarrac�n;Categoria III;29300;6 h 35 min;328;SI
BOGOTA;SAN GIL;Tocancipa;CONCESION BTS;Albarrac�n;Categoria IV;36200;6 h 35 min;328;SI
BOGOTA;SAN GIL;Tocancipa;CONCESION BTS;Albarrac�n;Categoria V;42600;6 h 35 min;328;SI
BOGOTA;SAN GIL;Tocancipa;PEAJES NACIONALES;Arcabuco;Categoria I;10600;6 h 35 min;328;SI
BOGOTA;SAN GIL;Tocancipa;PEAJES NACIONALES;Arcabuco;Categoria II;11400;6 h 35 min;328;SI
BOGOTA;SAN GIL;Tocancipa;PEAJES NACIONALES;Arcabuco;Categoria III;24300;6 h 35 min;328;SI
BOGOTA;SAN GIL;Tocancipa;PEAJES NACIONALES;Arcabuco;Categoria IV;30900;6 h 35 min;328;SI
BOGOTA;SAN GIL;Tocancipa;PEAJES NACIONALES;Arcabuco;Categoria V;34700;6 h 35 min;328;SI
BOGOTA;SAN GIL;Tocancipa;PEAJES NACIONALES;Oiba;Categoria I;10500;6 h 35 min;328;NO
BOGOTA;SAN GIL;Tocancipa;PEAJES NACIONALES;Oiba;Categoria II;11300;6 h 35 min;328;NO
BOGOTA;SAN GIL;Tocancipa;PEAJES NACIONALES;Oiba;Categoria III;29200;6 h 35 min;328;NO
BOGOTA;SAN GIL;Tocancipa;PEAJES NACIONALES;Oiba;Categoria IV;36200;6 h 35 min;328;NO
BOGOTA;SAN GIL;Tocancipa;PEAJES NACIONALES;Oiba;Categoria V;42300;6 h 35 min;328;NO
BOGOTA;SAN GIL;Zipaquira;ACCENORTE SAS;Andes;Categoria I;11100;6 h 49 min;300;SI
BOGOTA;SAN GIL;Zipaquira;ACCENORTE SAS;Andes;Categoria II;19200;6 h 49 min;300;SI
BOGOTA;SAN GIL;Zipaquira;ACCENORTE SAS;Andes;Categoria III;12500;6 h 49 min;300;SI
BOGOTA;SAN GIL;Zipaquira;ACCENORTE SAS;Andes;Categoria IV;27800;6 h 49 min;300;SI
BOGOTA;SAN GIL;Zipaquira;ACCENORTE SAS;Andes;Categoria V;42100;6 h 49 min;300;SI
BOGOTA;SAN GIL;Zipaquira;ACCENORTE SAS;Andes;Categoria VI;54000;6 h 49 min;300;SI
BOGOTA;SAN GIL;Zipaquira;ACCENORTE SAS;Andes;Categoria VII;59900;6 h 49 min;300;SI
BOGOTA;SAN GIL;Zipaquira;PEAJES NACIONALES;Casa blanca;Categoria I;10500;6 h 49 min;300;SI
BOGOTA;SAN GIL;Zipaquira;PEAJES NACIONALES;Casa blanca;Categoria II;11300;6 h 49 min;300;SI
BOGOTA;SAN GIL;Zipaquira;PEAJES NACIONALES;Casa blanca;Categoria III;29200;6 h 49 min;300;SI
BOGOTA;SAN GIL;Zipaquira;PEAJES NACIONALES;Casa blanca;Categoria IV;36200;6 h 49 min;300;SI
BOGOTA;SAN GIL;Zipaquira;PEAJES NACIONALES;Casa blanca;Categoria V;42300;6 h 49 min;300;SI
BOGOTA;SAN GIL;Zipaquira;PEAJES NACIONALES;Saboy�;Categoria I;10500;6 h 49 min;300;SI
BOGOTA;SAN GIL;Zipaquira;PEAJES NACIONALES;Saboy�;Categoria II;11300;6 h 49 min;300;SI
BOGOTA;SAN GIL;Zipaquira;PEAJES NACIONALES;Saboy�;Categoria III;29200;6 h 49 min;300;SI
BOGOTA;SAN GIL;Zipaquira;PEAJES NACIONALES;Saboy�;Categoria IV;36200;6 h 49 min;300;SI
BOGOTA;SAN GIL;Zipaquira;PEAJES NACIONALES;Saboy�;Categoria V;42300;6 h 49 min;300;SI
BOGOTA;SAN GIL;Zipaquira;PEAJES NACIONALES;Oiba;Categoria II;11300;6 h 49 min;300;NO
BOGOTA;SAN GIL;Zipaquira;PEAJES NACIONALES;Oiba;Categoria III;29200;6 h 49 min;300;NO
BOGOTA;SAN GIL;Zipaquira;PEAJES NACIONALES;Oiba;Categoria IV;36200;6 h 49 min;300;NO
BOGOTA;SAN GIL;Zipaquira;PEAJES NACIONALES;Oiba;Categoria V;42300;6 h 49 min;300;NO
BOGOTA;SAN GIL;VILLETA;SABANA DE OCCIDENTE;Siberia;Categoria I;13800;12 h 23 min;615;SI
BOGOTA;SAN GIL;VILLETA;SABANA DE OCCIDENTE;Siberia;Categoria II;19600;12 h 23 min;615;SI
BOGOTA;SAN GIL;VILLETA;SABANA DE OCCIDENTE;Siberia;Categoria III;16500;12 h 23 min;615;SI
BOGOTA;SAN GIL;VILLETA;SABANA DE OCCIDENTE;Siberia;Categoria IV;21900;12 h 23 min;615;SI
BOGOTA;SAN GIL;VILLETA;SABANA DE OCCIDENTE;Siberia;Categoria V;38300;12 h 23 min;615;SI
BOGOTA;SAN GIL;VILLETA;SABANA DE OCCIDENTE;Siberia;Categoria VI;51200;12 h 23 min;615;SI
BOGOTA;SAN GIL;VILLETA;SABANA DE OCCIDENTE;Siberia;Categoria VII;56300;12 h 23 min;615;SI
BOGOTA;SAN GIL;VILLETA;SABANA DE OCCIDENTE;Caiquero;Categoria I;12800;12 h 23 min;615;SI
BOGOTA;SAN GIL;VILLETA;SABANA DE OCCIDENTE;Caiquero;Categoria II;16600;12 h 23 min;615;SI
BOGOTA;SAN GIL;VILLETA;SABANA DE OCCIDENTE;Caiquero;Categoria III;40800;12 h 23 min;615;SI
BOGOTA;SAN GIL;VILLETA;SABANA DE OCCIDENTE;Caiquero;Categoria IV;49200;12 h 23 min;615;SI
BOGOTA;SAN GIL;VILLETA;SABANA DE OCCIDENTE;Caiquero;Categoria V;56500;12 h 23 min;615;SI
BOGOTA;SAN GIL;VILLETA;PEAJES NACIONALES;El koran;Categoria I;16500;12 h 23 min;615;SI
BOGOTA;SAN GIL;VILLETA;PEAJES NACIONALES;El koran;Categoria II;23000;12 h 23 min;615;SI
BOGOTA;SAN GIL;VILLETA;PEAJES NACIONALES;El koran;Categoria III;32300;12 h 23 min;615;SI
BOGOTA;SAN GIL;VILLETA;PEAJES NACIONALES;El koran;Categoria IV;32300;12 h 23 min;615;SI
BOGOTA;SAN GIL;VILLETA;PEAJES NACIONALES;El koran;Categoria V;98900;12 h 23 min;615;SI
BOGOTA;SAN GIL;VILLETA;PEAJES NACIONALES;El koran;Categoria VI;83400;12 h 23 min;615;SI
BOGOTA;SAN GIL;VILLETA;AUTOPISTA MAGADALENA MEDIO;Zambito;Categoria I;13500;12 h 23 min;615;NO
BOGOTA;SAN GIL;VILLETA;AUTOPISTA MAGADALENA MEDIO;Zambito;Categoria II;17000;12 h 23 min;615;NO
BOGOTA;SAN GIL;VILLETA;AUTOPISTA MAGADALENA MEDIO;Zambito;Categoria III;39500;12 h 23 min;615;NO
BOGOTA;SAN GIL;VILLETA;AUTOPISTA MAGADALENA MEDIO;Zambito;Categoria IV;47300;12 h 23 min;615;NO
BOGOTA;SAN GIL;VILLETA;AUTOPISTA MAGADALENA MEDIO;Zambito;Categoria V;55600;12 h 23 min;615;NO
BOGOTA;SAN GIL;VILLETA;AUTOPISTA MAGADALENA MEDIO;Aguas negras;Categoria I;13500;12 h 23 min;615;NO
BOGOTA;SAN GIL;VILLETA;AUTOPISTA MAGADALENA MEDIO;Aguas negras;Categoria II;17000;12 h 23 min;615;NO
BOGOTA;SAN GIL;VILLETA;AUTOPISTA MAGADALENA MEDIO;Aguas negras;Categoria III;39500;12 h 23 min;615;NO
BOGOTA;SAN GIL;VILLETA;AUTOPISTA MAGADALENA MEDIO;Aguas negras;Categoria IV;47300;12 h 23 min;615;NO
BOGOTA;SAN GIL;VILLETA;AUTOPISTA MAGADALENA MEDIO;Aguas negras;Categoria V;55600;12 h 23 min;615;NO
BOGOTA;SAN GIL;VILLETA;PEAJES NACIONALES;Los Curos;Categoria I;10500;12 h 23 min;615;SI
BOGOTA;SAN GIL;VILLETA;PEAJES NACIONALES;Los Curos;Categoria II;11300;12 h 23 min;615;SI
BOGOTA;SAN GIL;VILLETA;PEAJES NACIONALES;Los Curos;Categoria III;29200;12 h 23 min;615;SI
BOGOTA;SAN GIL;VILLETA;PEAJES NACIONALES;Los Curos;Categoria IV;36200;12 h 23 min;615;SI
BOGOTA;SAN GIL;VILLETA;PEAJES NACIONALES;Los Curos;Categoria V;42300;12 h 23 min;615;SI
BOGOTA;SAN GIL;VILLETA;PEAJES NACIONALES;Curit�;Categoria I;10500;12 h 23 min;615;SI
BOGOTA;SAN GIL;VILLETA;PEAJES NACIONALES;Curit�;Categoria II;11300;12 h 23 min;615;SI
BOGOTA;SAN GIL;VILLETA;PEAJES NACIONALES;Curit�;Categoria III;29200;12 h 23 min;615;SI
BOGOTA;SAN GIL;VILLETA;PEAJES NACIONALES;Curit�;Categoria IV;36200;12 h 23 min;615;SI
BOGOTA;SAN GIL;VILLETA;PEAJES NACIONALES;Curit�;Categoria V;42300;12 h 23 min;615;SI
BOGOTA;CARTAGENA;EL ROSAL;SABANA DE OCCIDENTE;Siberia;Categoria I;13800;19 h 10 min;1050;SI
BOGOTA;CARTAGENA;EL ROSAL;SABANA DE OCCIDENTE;Siberia;Categoria II;19600;19 h 10 min;1050 ;SI
BOGOTA;CARTAGENA;EL ROSAL;SABANA DE OCCIDENTE;Siberia;Categoria III;16500;19 h 10 min;1050;SI
BOGOTA;CARTAGENA;EL ROSAL;SABANA DE OCCIDENTE;Siberia;Categoria IV;21900;19 h 10 min;1050;SI
BOGOTA;CARTAGENA;EL ROSAL;SABANA DE OCCIDENTE;Siberia;Categoria V;38300;19 h 10 min;1050;SI
BOGOTA;CARTAGENA;EL ROSAL;SABANA DE OCCIDENTE;Siberia;Categoria VI;51200;19 h 10 min;1050;SI
BOGOTA;CARTAGENA;EL ROSAL;SABANA DE OCCIDENTE;Siberia;Categoria VII;56300;19 h 10 min;1050;SI
BOGOTA;CARTAGENA;EL ROSAL;SABANA DE OCCIDENTE;Caiquero;Categoria I;12800;19 h 10 min;1050;SI
BOGOTA;CARTAGENA;EL ROSAL;SABANA DE OCCIDENTE;Caiquero;Categoria II;16600;19 h 10 min;1050;SI
BOGOTA;CARTAGENA;EL ROSAL;SABANA DE OCCIDENTE;Caiquero;Categoria III;40800;19 h 10 min;1050;SI
BOGOTA;CARTAGENA;EL ROSAL;SABANA DE OCCIDENTE;Caiquero;Categoria IV;49200;19 h 10 min;1050;SI
BOGOTA;CARTAGENA;EL ROSAL;SABANA DE OCCIDENTE;Caiquero;Categoria V;56500;19 h 10 min;1050;SI
BOGOTA;CARTAGENA;EL ROSAL;PEAJES NACIONALES;El koran;Categoria I;16500;19 h 10 min;1050;SI
BOGOTA;CARTAGENA;EL ROSAL;PEAJES NACIONALES;El koran;Categoria II;23000;19 h 10 min;1050;SI
BOGOTA;CARTAGENA;EL ROSAL;PEAJES NACIONALES;El koran;Categoria III;32300;19 h 10 min;1050;SI
BOGOTA;CARTAGENA;EL ROSAL;PEAJES NACIONALES;El koran;Categoria IV;32300;19 h 10 min;1050;SI
BOGOTA;CARTAGENA;EL ROSAL;PEAJES NACIONALES;El koran;Categoria V;98900;19 h 10 min;1050;SI
BOGOTA;CARTAGENA;EL ROSAL;PEAJES NACIONALES;El koran;Categoria VI;83400;19 h 10 min;1050;SI
BOGOTA;CARTAGENA;EL ROSAL;AUTOPISTA MAGADALENA MEDIO;Zambito;Categoria I;13500;19 h 10 min;1050;NO
BOGOTA;CARTAGENA;EL ROSAL;AUTOPISTA MAGADALENA MEDIO;Zambito;Categoria II;17000;19 h 10 min;1050;NO
BOGOTA;CARTAGENA;EL ROSAL;AUTOPISTA MAGADALENA MEDIO;Zambito;Categoria III;39500;19 h 10 min;1050;NO
BOGOTA;CARTAGENA;EL ROSAL;AUTOPISTA MAGADALENA MEDIO;Zambito;Categoria IV;47300;19 h 10 min;1050;NO
BOGOTA;CARTAGENA;EL ROSAL;AUTOPISTA MAGADALENA MEDIO;Zambito;Categoria V;55600;19 h 10 min;1050;NO
BOGOTA;CARTAGENA;EL ROSAL;AUTOPISTA MAGADALENA MEDIO;Aguas negras;Categoria I;13500;19 h 10 min;1050;NO
BOGOTA;CARTAGENA;EL ROSAL;AUTOPISTA MAGADALENA MEDIO;Aguas negras;Categoria II;17000;19 h 10 min;1050;NO
BOGOTA;CARTAGENA;EL ROSAL;AUTOPISTA MAGADALENA MEDIO;Aguas negras;Categoria III;39500;19 h 10 min;1050;NO
BOGOTA;CARTAGENA;EL ROSAL;AUTOPISTA MAGADALENA MEDIO;Aguas negras;Categoria IV;47300;19 h 10 min;1050;NO
BOGOTA;CARTAGENA;EL ROSAL;AUTOPISTA MAGADALENA MEDIO;Aguas negras;Categoria V;55600;19 h 10 min;1050;NO
BOGOTA;CARTAGENA;EL ROSAL;AUTOPISTA DEL RIO GRANDE;La Gomez;Categoria I;13500;19 h 10 min;1050;NO
BOGOTA;CARTAGENA;EL ROSAL;AUTOPISTA DEL RIO GRANDE;La Gomez;Categoria II;17000;19 h 10 min;1050;NO
BOGOTA;CARTAGENA;EL ROSAL;AUTOPISTA DEL RIO GRANDE;La Gomez;Categoria III;39500;19 h 10 min;1050;NO
BOGOTA;CARTAGENA;EL ROSAL;AUTOPISTA DEL RIO GRANDE;La Gomez;Categoria IV;47300;19 h 10 min;1050;NO
BOGOTA;CARTAGENA;EL ROSAL;AUTOPISTA DEL RIO GRANDE;La Gomez;Categoria V;55600;19 h 10 min;1050;NO
BOGOTA;CARTAGENA;EL ROSAL;AUTOPISTA DEL RIO GRANDE;Morrison;Categoria I;12300;19 h 10 min;1050;NO
BOGOTA;CARTAGENA;EL ROSAL;AUTOPISTA DEL RIO GRANDE;Morrison;Categoria II;13300;19 h 10 min;1050;NO
BOGOTA;CARTAGENA;EL ROSAL;AUTOPISTA DEL RIO GRANDE;Morrison;Categoria III;27300;19 h 10 min;1050;NO
BOGOTA;CARTAGENA;EL ROSAL;AUTOPISTA DEL RIO GRANDE;Morrison;Categoria IV;34800;19 h 10 min;1050;NO
BOGOTA;CARTAGENA;EL ROSAL;AUTOPISTA DEL RIO GRANDE;Morrison;Categoria V;39500;19 h 10 min;1050;NO
BOGOTA;CARTAGENA;EL ROSAL;AUTOPISTA DEL RIO GRANDE;Pilitas;Categoria IV;12300;19 h 10 min;1050;NO
BOGOTA;CARTAGENA;EL ROSAL;AUTOPISTA DEL RIO GRANDE;Pilitas;Categoria V;13300;19 h 10 min;1050;NO
BOGOTA;CARTAGENA;EL ROSAL;AUTOPISTA DEL RIO GRANDE;Pilitas;Categoria IV;27300;19 h 10 min;1050;NO
BOGOTA;CARTAGENA;EL ROSAL;AUTOPISTA DEL RIO GRANDE;Pilitas;Categoria V;34800;19 h 10 min;1050;NO
BOGOTA;CARTAGENA;EL ROSAL;AUTOPISTA DEL RIO GRANDE;Pilitas;Categoria IV;39500;19 h 10 min;1050;NO
BOGOTA;CARTAGENA;EL ROSAL;AUTOPISTA DEL RIO GRANDE;La loma;Categoria V;10400;19 h 10 min;1050;NO
BOGOTA;CARTAGENA;EL ROSAL;AUTOPISTA DEL RIO GRANDE;La loma;Categoria IV;11400;19 h 10 min;1050;NO
BOGOTA;CARTAGENA;EL ROSAL;AUTOPISTA DEL RIO GRANDE;La loma;Categoria V;24700;19 h 10 min;1050;NO
BOGOTA;CARTAGENA;EL ROSAL;AUTOPISTA DEL RIO GRANDE;La loma;Categoria IV;31800;19 h 10 min;1050;NO
BOGOTA;CARTAGENA;EL ROSAL;AUTOPISTA DEL RIO GRANDE;La loma;Categoria V;36200;19 h 10 min;1050;NO
